{
  "run_index": 3,
  "best_val_f1": 0.7857719659805298,
  "test_acc": 0.8958187103271484,
  "test_f1": 0.6459856033325195,
  "test_prec": 0.6159681081771851,
  "test_rec": 0.7233050465583801,
  "train_time": 325.17302232600196,
  "test_time": 1.1944114020006964,
  "total_time": 326.36743372800265,
  "mem_mb": 1119.41796875
}