{
  "run_index": 1,
  "best_val_f1": 0.5350102186203003,
  "test_acc": 0.9151615500450134,
  "test_f1": 0.4778508245944977,
  "test_prec": 0.4575807750225067,
  "test_rec": 0.5,
  "train_time": 39.04188626300311,
  "test_time": 0.15961287199752405,
  "total_time": 39.20149913500063,
  "mem_mb": 960.51953125
}