{
  "run_index": 4,
  "best_val_f1": 0.5447982549667358,
  "test_acc": 0.5724533200263977,
  "test_f1": 0.4873591363430023,
  "test_prec": 0.5807549357414246,
  "test_rec": 0.766109049320221,
  "train_time": 13.8610249189951,
  "test_time": 0.1538861050066771,
  "total_time": 14.014911024001776,
  "mem_mb": 1185.03125
}