{
  "val_f1": {
    "baseline": {
      "mean": 0.5254660189151764,
      "std": 0.025280343813661375
    },
    "enhanced": {
      "mean": 0.8245820522308349,
      "std": 0.014846938516944594
    }
  },
  "test_acc": {
    "baseline": {
      "mean": 0.8325077652931213,
      "std": 0.06105590925775857
    },
    "enhanced": {
      "mean": 0.9157124400138855,
      "std": 0.015347955112677513
    }
  },
  "test_f1": {
    "baseline": {
      "mean": 0.5010399103164673,
      "std": 0.019904555234913638
    },
    "enhanced": {
      "mean": 0.6811023592948914,
      "std": 0.027506360836851807
    }
  },
  "test_prec": {
    "baseline": {
      "mean": 0.509849202632904,
      "std": 0.01582960191128472
    },
    "enhanced": {
      "mean": 0.6522170186042786,
      "std": 0.03035289818647742
    }
  },
  "test_rec": {
    "baseline": {
      "mean": 0.5292855203151703,
      "std": 0.030477071417258344
    },
    "enhanced": {
      "mean": 0.7386704444885254,
      "std": 0.010683284558980884
    }
  },
  "train_time": {
    "baseline": {
      "mean": 19.503220857201086,
      "std": 3.3026184935281244
    },
    "enhanced": {
      "mean": 277.0582183516002,
      "std": 121.3073344117643
    }
  },
  "total_time": {
    "baseline": {
      "mean": 20.043282074603486,
      "std": 3.3014000834487174
    },
    "enhanced": {
      "mean": 278.2561438016011,
      "std": 121.31641867106781
    }
  },
  "mem_mb": {
    "baseline": {
      "mean": 798.5125,
      "std": 103.95741660195647
    },
    "enhanced": {
      "mean": 1178.45546875,
      "std": 0.5415454591952553
    }
  }
}