{
  "run_index": 4,
  "best_val_f1": 0.7634891271591187,
  "test_acc": 0.864799976348877,
  "test_f1": 0.8379262685775757,
  "test_prec": 0.8456889390945435,
  "test_rec": 0.8314027190208435,
  "train_time": 2.3119196470070165,
  "test_time": 0.02822292299970286,
  "total_time": 2.3401425700067193,
  "mem_mb": 510.859375
}