{
  "run_index": 2,
  "best_val_f1": 0.5519006252288818,
  "test_acc": 0.8080818057060242,
  "test_f1": 0.5205866694450378,
  "test_prec": 0.5270838141441345,
  "test_rec": 0.5778627395629883,
  "train_time": 17.491708171000937,
  "test_time": 0.5390962489982485,
  "total_time": 18.030804419999185,
  "mem_mb": 724.984375
}