{
  "run_index": 4,
  "best_val_f1": 0.7739999294281006,
  "test_acc": 0.8761656284332275,
  "test_f1": 0.6268316507339478,
  "test_prec": 0.5996403694152832,
  "test_rec": 0.7264528274536133,
  "train_time": 131.1596435140018,
  "test_time": 0.7352438720045029,
  "total_time": 131.8948873860063,
  "mem_mb": 1917.45703125
}