{
  "run_index": 3,
  "best_val_f1": 0.715469241142273,
  "test_acc": 0.8664000034332275,
  "test_f1": 0.8369827270507812,
  "test_prec": 0.8669021725654602,
  "test_rec": 0.819404661655426,
  "train_time": 0.9349824060045648,
  "test_time": 0.02455894000013359,
  "total_time": 0.9595413460046984,
  "mem_mb": 476.27734375
}