{
  "val_f1": {
    "baseline": {
      "mean": 0.620955491065979,
      "std": 0.09618568275923645
    },
    "enhanced": {
      "mean": 0.6194232344627381,
      "std": 0.07763122075264199
    }
  },
  "test_acc": {
    "baseline": {
      "mean": 0.7312000036239624,
      "std": 0.1910898380383109
    },
    "enhanced": {
      "mean": 0.7659200072288513,
      "std": 0.11647802167098058
    }
  },
  "test_f1": {
    "baseline": {
      "mean": 0.6495533466339112,
      "std": 0.23432838625800823
    },
    "enhanced": {
      "mean": 0.6587091445922851,
      "std": 0.21267883348506697
    }
  },
  "test_prec": {
    "baseline": {
      "mean": 0.6578592538833619,
      "std": 0.26346554973093433
    },
    "enhanced": {
      "mean": 0.7005082964897156,
      "std": 0.19656495207224028
    }
  },
  "test_rec": {
    "baseline": {
      "mean": 0.6582201957702637,
      "std": 0.20843959641080534
    },
    "enhanced": {
      "mean": 0.6831028640270234,
      "std": 0.1728149587707411
    }
  },
  "train_time": {
    "baseline": {
      "mean": 1.7266473251991556,
      "std": 0.678230565513983
    },
    "enhanced": {
      "mean": 5.099345041200285,
      "std": 2.2078446184051392
    }
  },
  "total_time": {
    "baseline": {
      "mean": 1.7522981055997662,
      "std": 0.6778826708174759
    },
    "enhanced": {
      "mean": 5.157063734003168,
      "std": 2.211593464208847
    }
  },
  "mem_mb": {
    "baseline": {
      "mean": 471.31796875,
      "std": 9.155540914842737
    },
    "enhanced": {
      "mean": 665.83671875,
      "std": 36.869959053614835
    }
  }
}