{
  "run_index": 3,
  "best_val_f1": 0.5271806120872498,
  "test_acc": 0.5774073600769043,
  "test_f1": 0.4927358031272888,
  "test_prec": 0.582950234413147,
  "test_rec": 0.7671959400177002,
  "train_time": 99.12001932300336,
  "test_time": 0.301910449998104,
  "total_time": 99.42192977300147,
  "mem_mb": 1748.203125
}