{
  "run_index": 2,
  "best_val_f1": 0.7249535322189331,
  "test_acc": 0.8791999816894531,
  "test_f1": 0.8551885485649109,
  "test_prec": 0.8695268630981445,
  "test_rec": 0.84439617395401,
  "train_time": 2.128709220000019,
  "test_time": 0.030193812999641523,
  "total_time": 2.1589030329996604,
  "mem_mb": 469.40234375
}