{
  "run_index": 5,
  "best_val_f1": 0.7631892561912537,
  "test_acc": 0.8791999816894531,
  "test_f1": 0.8498039841651917,
  "test_prec": 0.8845780491828918,
  "test_rec": 0.829566240310669,
  "train_time": 9.802150842995616,
  "test_time": 0.09558971600199584,
  "total_time": 9.897740558997612,
  "mem_mb": 857.4296875
}