{
  "run_index": 1,
  "best_val_f1": 0.5458740592002869,
  "test_acc": 0.9151615500450134,
  "test_f1": 0.4778508245944977,
  "test_prec": 0.4575807750225067,
  "test_rec": 0.5,
  "train_time": 6.031989473005524,
  "test_time": 0.15958762599620968,
  "total_time": 6.191577099001734,
  "mem_mb": 1189.671875
}