{
  "run_index": 3,
  "best_val_f1": 0.8228950500488281,
  "test_acc": 0.9230923652648926,
  "test_f1": 0.6963459253311157,
  "test_prec": 0.664315938949585,
  "test_rec": 0.7521186470985413,
  "train_time": 187.96219692299928,
  "test_time": 1.205269997000869,
  "total_time": 189.16746692000015,
  "mem_mb": 1178.4453125
}