{
  "run_index": 4,
  "best_val_f1": 0.5462985038757324,
  "test_acc": 0.5728145241737366,
  "test_f1": 0.4876113831996918,
  "test_prec": 0.580812394618988,
  "test_rec": 0.7663061022758484,
  "train_time": 7.4218605710048,
  "test_time": 0.1486384339950746,
  "total_time": 7.570499004999874,
  "mem_mb": 1191.328125
}