{
  "val_f1": [
    0.5270153880119324,
    0.015532643273378279
  ],
  "test_acc": [
    0.7864898204803467,
    0.15784321146516617
  ],
  "test_f1": [
    0.48752439618110655,
    0.013407354609116164
  ],
  "test_prec": [
    0.557642662525177,
    0.0942059805883587
  ],
  "test_rec": [
    0.6075710773468017,
    0.13163715959668557
  ],
  "train_time": [
    26.441583801200615,
    12.132338107122289
  ],
  "test_time": [
    0.15508780039672274,
    0.0024569140178549048
  ],
  "total_time": [
    26.596671601597336,
    12.133039289997278
  ],
  "mem_mb": [
    1062.690625,
    52.9692500552539
  ],
  "num_runs": 5,
  "label": "Enhanced Dir-GCN (Gated)"
}