{
  "run_index": 5,
  "best_val_f1": 0.538886308670044,
  "test_acc": 0.9125296473503113,
  "test_f1": 0.47713229060173035,
  "test_prec": 0.45626482367515564,
  "test_rec": 0.5,
  "train_time": 5.365696246997686,
  "test_time": 0.15501928998855874,
  "total_time": 5.520715536986245,
  "mem_mb": 1115.33984375
}