{
  "run_index": 5,
  "best_val_f1": 0.7331018447875977,
  "test_acc": 0.8855999708175659,
  "test_f1": 0.8608701229095459,
  "test_prec": 0.8825713992118835,
  "test_rec": 0.8460052013397217,
  "train_time": 13.75652832799824,
  "test_time": 0.10343227500561625,
  "total_time": 13.859960603003856,
  "mem_mb": 822.578125
}