{
  "run_index": 5,
  "best_val_f1": 0.5432454347610474,
  "test_acc": 0.6094024181365967,
  "test_f1": 0.5136288404464722,
  "test_prec": 0.5839706659317017,
  "test_rec": 0.7619770169258118,
  "train_time": 19.899038902003667,
  "test_time": 0.08375003399851266,
  "total_time": 19.98278893600218,
  "mem_mb": 899.83203125
}