{
  "run_index": 1,
  "best_val_f1": 0.5495551824569702,
  "test_acc": 0.5979977250099182,
  "test_f1": 0.502221941947937,
  "test_prec": 0.5786750316619873,
  "test_rec": 0.7527711987495422,
  "train_time": 10.554098512991914,
  "test_time": 0.0767473739979323,
  "total_time": 10.630845886989846,
  "mem_mb": 814.953125
}