{
  "run_index": 4,
  "best_val_f1": 0.7739968299865723,
  "test_acc": 0.8863999843597412,
  "test_f1": 0.8588801622390747,
  "test_prec": 0.8860512971878052,
  "test_rec": 0.8411939740180969,
  "train_time": 11.717097569002362,
  "test_time": 0.09557899999344954,
  "total_time": 11.812676568995812,
  "mem_mb": 847.03125
}