{
  "val_f1": {
    "baseline": {
      "mean": 0.5468152761459351,
      "std": 0.00279531968467749
    },
    "enhanced": {
      "mean": 0.5482086300849914,
      "std": 0.0036995591938709625
    }
  },
  "test_acc": {
    "baseline": {
      "mean": 0.7210031986236572,
      "std": 0.15888630780073956
    },
    "enhanced": {
      "mean": 0.647063672542572,
      "std": 0.13102998842341307
    }
  },
  "test_f1": {
    "baseline": {
      "mean": 0.49090940356254575,
      "std": 0.012726308605606518
    },
    "enhanced": {
      "mean": 0.49389861822128295,
      "std": 0.004977412605526335
    }
  },
  "test_prec": {
    "baseline": {
      "mean": 0.5315927803516388,
      "std": 0.06043590774740203
    },
    "enhanced": {
      "mean": 0.5721453189849853,
      "std": 0.020674826915921686
    }
  },
  "test_rec": {
    "baseline": {
      "mean": 0.6568893432617188,
      "std": 0.1281279357227121
    },
    "enhanced": {
      "mean": 0.7138211011886597,
      "std": 0.105100469055771
    }
  },
  "train_time": {
    "baseline": {
      "mean": 10.228959215202485,
      "std": 2.9120354946136406
    },
    "enhanced": {
      "mean": 24.57429948459903,
      "std": 5.487093477590744
    }
  },
  "total_time": {
    "baseline": {
      "mean": 10.380037688199081,
      "std": 2.909094020002645
    },
    "enhanced": {
      "mean": 24.854552048200276,
      "std": 5.486375311444004
    }
  },
  "mem_mb": {
    "baseline": {
      "mean": 1186.20390625,
      "std": 9.354864574697887
    },
    "enhanced": {
      "mean": 1542.6109375,
      "std": 199.32318980525227
    }
  }
}