{
  "run_index": 1,
  "best_val_f1": 0.5363729000091553,
  "test_acc": 0.5763752460479736,
  "test_f1": 0.4923686683177948,
  "test_prec": 0.583340048789978,
  "test_rec": 0.7682759761810303,
  "train_time": 15.15579193001031,
  "test_time": 0.15804346799268387,
  "total_time": 15.313835398002993,
  "mem_mb": 941.734375
}