{
  "run_index": 1,
  "best_val_f1": 0.5611230134963989,
  "test_acc": 0.8957184553146362,
  "test_f1": 0.5330952405929565,
  "test_prec": 0.5302782654762268,
  "test_rec": 0.5375878810882568,
  "train_time": 27.305770109996956,
  "test_time": 0.5443633750037407,
  "total_time": 27.850133485000697,
  "mem_mb": 650.30078125
}