{
  "run_index": 1,
  "best_val_f1": 0.7655777931213379,
  "test_acc": 0.8632000088691711,
  "test_f1": 0.8414471745491028,
  "test_prec": 0.8637923002243042,
  "test_rec": 0.8280045986175537,
  "train_time": 2.365884669998195,
  "test_time": 0.0297203520021867,
  "total_time": 2.3956050220003817,
  "mem_mb": 471.2265625
}