{
  "run_index": 2,
  "best_val_f1": 0.8250330090522766,
  "test_acc": 0.9194825887680054,
  "test_f1": 0.6868020296096802,
  "test_prec": 0.6552363634109497,
  "test_rec": 0.743904709815979,
  "train_time": 162.54246994899586,
  "test_time": 0.7598510230018292,
  "total_time": 163.3023209719977,
  "mem_mb": 1916.71484375
}