{
  "run_index": 4,
  "best_val_f1": 0.8026264905929565,
  "test_acc": 0.9311140179634094,
  "test_f1": 0.6989453434944153,
  "test_prec": 0.677021861076355,
  "test_rec": 0.7293133735656738,
  "train_time": 277.6171399160012,
  "test_time": 1.1853321570015396,
  "total_time": 278.8024720730027,
  "mem_mb": 1119.6015625
}