{
  "run_index": 5,
  "best_val_f1": 0.540290117263794,
  "test_acc": 0.5777170062065125,
  "test_f1": 0.4957444667816162,
  "test_prec": 0.5854532718658447,
  "test_rec": 0.7675527334213257,
  "train_time": 69.21628381300252,
  "test_time": 0.26807577499130275,
  "total_time": 69.48435958799382,
  "mem_mb": 1772.59375
}