{
  "run_index": 3,
  "best_val_f1": 0.7397164702415466,
  "test_acc": 0.8673418164253235,
  "test_f1": 0.6175252795219421,
  "test_prec": 0.5928527116775513,
  "test_rec": 0.723598837852478,
  "train_time": 295.8895528620051,
  "test_time": 1.2727274380013114,
  "total_time": 297.1622803000064,
  "mem_mb": 1976.0546875
}