{
  "val_f1": [
    0.5403034567832947,
    0.00506895447897796
  ],
  "test_acc": [
    0.6579626441001892,
    0.12906510426761614
  ],
  "test_f1": [
    0.4963300466537476,
    0.011815527218452743
  ],
  "test_prec": [
    0.5562953174114227,
    0.04937709636820375
  ],
  "test_rec": [
    0.7090443730354309,
    0.10455658158936759
  ],
  "train_time": [
    17.82724165059917,
    6.004512911168848
  ],
  "test_time": [
    0.15798517759831157,
    0.00795659303591569
  ],
  "total_time": [
    17.985226828197483,
    6.0100271174112025
  ],
  "mem_mb": [
    1080.325,
    64.68828952001584
  ],
  "num_runs": 5,
  "label": "Baseline Dir-GCN"
}