{
  "run_index": 3,
  "best_val_f1": 0.5441657304763794,
  "test_acc": 0.6009392142295837,
  "test_f1": 0.5055591464042664,
  "test_prec": 0.5811991095542908,
  "test_rec": 0.7609990239143372,
  "train_time": 17.263507736992324,
  "test_time": 0.15215035299479496,
  "total_time": 17.41565808998712,
  "mem_mb": 1208.6171875
}