{
  "run_index": 4,
  "best_val_f1": 0.7168416976928711,
  "test_acc": 0.8383635878562927,
  "test_f1": 0.5908219218254089,
  "test_prec": 0.5758392810821533,
  "test_rec": 0.7146152853965759,
  "train_time": 248.527020386995,
  "test_time": 1.3533476640004665,
  "total_time": 249.88036805099546,
  "mem_mb": 1976.64453125
}