{
  "run_index": 2,
  "best_val_f1": 0.5305850505828857,
  "test_acc": 0.5981525182723999,
  "test_f1": 0.5013771653175354,
  "test_prec": 0.5787004232406616,
  "test_rec": 0.7579873204231262,
  "train_time": 10.55843116500182,
  "test_time": 0.08508884799084626,
  "total_time": 10.643520012992667,
  "mem_mb": 827.953125
}