{
  "val_f1": [
    0.763637387752533,
    0.0029623960077078365
  ],
  "test_acc": [
    0.862720000743866,
    0.00707627273858427
  ],
  "test_f1": [
    0.837378466129303,
    0.008609610721812091
  ],
  "test_prec": [
    0.8504213213920593,
    0.011387035625527
  ],
  "test_rec": [
    0.8284217715263367,
    0.009694035253066684
  ],
  "train_time": [
    1.9380415158011601,
    0.3949109260929573
  ],
  "test_time": [
    0.02808547619933961,
    0.0010816129420346836
  ],
  "total_time": [
    1.9661269920004998,
    0.395557023359042
  ],
  "mem_mb": [
    490.65859375,
    16.86032304447523
  ],
  "num_runs": 5,
  "label": "Baseline Dir-GCN"
}