{
  "val_f1": [
    0.7429904341697693,
    0.010809922388538729
  ],
  "test_acc": [
    0.8683200001716613,
    0.006126134195260398
  ],
  "test_f1": [
    0.8425462484359741,
    0.007736921867476853
  ],
  "test_prec": [
    0.8607436060905457,
    0.013206481013063941
  ],
  "test_rec": [
    0.8308146238327027,
    0.00825254931910889
  ],
  "train_time": [
    2.72789843060018,
    0.41333870059913436
  ],
  "test_time": [
    0.03098211440083105,
    0.002024897538770826
  ],
  "total_time": [
    2.7588805450010114,
    0.4133179019714891
  ],
  "mem_mb": [
    480.115625,
    8.147863564399106
  ],
  "num_runs": 5,
  "label": "Baseline Dir-GCN"
}