{
  "run_index": 4,
  "best_val_f1": 0.7031186819076538,
  "test_acc": 0.8784000277519226,
  "test_f1": 0.8432389497756958,
  "test_prec": 0.894568145275116,
  "test_rec": 0.8173023462295532,
  "train_time": 7.425978140003281,
  "test_time": 0.07210091999877477,
  "total_time": 7.4980790600020555,
  "mem_mb": 699.10546875
}