{
  "run_index": 2,
  "best_val_f1": 0.535057783126831,
  "test_acc": 0.8700490593910217,
  "test_f1": 0.4955322742462158,
  "test_prec": 0.49809855222702026,
  "test_rec": 0.4970029890537262,
  "train_time": 11.959407072994509,
  "test_time": 0.3109776999990572,
  "total_time": 12.270384772993566,
  "mem_mb": 1536.19140625
}