{
  "run_index": 5,
  "best_val_f1": 0.49444276094436646,
  "test_acc": 0.9264012575149536,
  "test_f1": 0.48760783672332764,
  "test_prec": 0.4847564399242401,
  "test_rec": 0.493394136428833,
  "train_time": 29.368804163001187,
  "test_time": 0.5568216780011426,
  "total_time": 29.92562584100233,
  "mem_mb": 946.49609375
}