{
  "run_index": 3,
  "best_val_f1": 0.7127573490142822,
  "test_acc": 0.8503999710083008,
  "test_f1": 0.8231068253517151,
  "test_prec": 0.8349794149398804,
  "test_rec": 0.8142056465148926,
  "train_time": 5.955448298002011,
  "test_time": 0.05330761599907419,
  "total_time": 6.008755914001085,
  "mem_mb": 668.4296875
}