{
  "run_index": 2,
  "best_val_f1": 0.7114274501800537,
  "test_acc": 0.8592000007629395,
  "test_f1": 0.8289034962654114,
  "test_prec": 0.8491530418395996,
  "test_rec": 0.8153449296951294,
  "train_time": 7.482502210994426,
  "test_time": 0.05772537399752764,
  "total_time": 7.540227584991953,
  "mem_mb": 652.9296875
}