{
  "run_index": 2,
  "best_val_f1": 0.5433076024055481,
  "test_acc": 0.5982041358947754,
  "test_f1": 0.501413106918335,
  "test_prec": 0.5787097215652466,
  "test_rec": 0.7580154538154602,
  "train_time": 7.768373580998741,
  "test_time": 0.0855137690086849,
  "total_time": 7.853887350007426,
  "mem_mb": 839.8984375
}