{
  "val_f1": [
    0.7315807819366456,
    0.017199857139592763
  ],
  "test_acc": [
    0.848639988899231,
    0.03894085610231114
  ],
  "test_f1": [
    0.8238537073135376,
    0.033792789811037505
  ],
  "test_prec": [
    0.8373608231544495,
    0.04359191061892747
  ],
  "test_rec": [
    0.8167612195014954,
    0.02309360307491533
  ],
  "train_time": [
    7.01229127060069,
    1.6692336479061503
  ],
  "test_time": [
    0.057010261199320664,
    0.001899494292774112
  ],
  "total_time": [
    7.0693015318000105,
    1.6694986777909038
  ],
  "mem_mb": [
    656.34765625,
    6.059186332641692
  ],
  "num_runs": 5,
  "label": "Enhanced Dir-GCN (Gated)"
}