{
  "run_index": 5,
  "best_val_f1": 0.7563475370407104,
  "test_acc": 0.8840000033378601,
  "test_f1": 0.858222484588623,
  "test_prec": 0.8827027082443237,
  "test_rec": 0.8420686721801758,
  "train_time": 5.56434657900536,
  "test_time": 0.05871377300354652,
  "total_time": 5.623060352008906,
  "mem_mb": 654.06640625
}