{
  "run_index": 2,
  "best_val_f1": 0.6688755750656128,
  "test_acc": 0.8759999871253967,
  "test_f1": 0.8531585931777954,
  "test_prec": 0.8615427613258362,
  "test_rec": 0.8461955189704895,
  "train_time": 7.014191106994986,
  "test_time": 0.05348125200544018,
  "total_time": 7.067672359000426,
  "mem_mb": 623.38671875
}