{
  "run_index": 2,
  "best_val_f1": 0.5434099435806274,
  "test_acc": 0.5991330146789551,
  "test_f1": 0.5020030736923218,
  "test_prec": 0.5787937045097351,
  "test_rec": 0.7582391500473022,
  "train_time": 12.078621844004374,
  "test_time": 0.14712374299415387,
  "total_time": 12.225745586998528,
  "mem_mb": 1190.8125
}