{
  "val_f1": {
    "baseline": {
      "mean": 0.7429904341697693,
      "std": 0.010809922388538729
    },
    "enhanced": {
      "mean": 0.7402019143104553,
      "std": 0.012175772034649123
    }
  },
  "test_acc": {
    "baseline": {
      "mean": 0.8683200001716613,
      "std": 0.006126134195260398
    },
    "enhanced": {
      "mean": 0.8475199937820435,
      "std": 0.051629700406124954
    }
  },
  "test_f1": {
    "baseline": {
      "mean": 0.8425462484359741,
      "std": 0.007736921867476853
    },
    "enhanced": {
      "mean": 0.8236234784126282,
      "std": 0.04673854153070009
    }
  },
  "test_prec": {
    "baseline": {
      "mean": 0.8607436060905457,
      "std": 0.013206481013063941
    },
    "enhanced": {
      "mean": 0.8378212213516235,
      "std": 0.055284772531830124
    }
  },
  "test_rec": {
    "baseline": {
      "mean": 0.8308146238327027,
      "std": 0.00825254931910889
    },
    "enhanced": {
      "mean": 0.8169507861137391,
      "std": 0.0358906035611399
    }
  },
  "train_time": {
    "baseline": {
      "mean": 2.72789843060018,
      "std": 0.41333870059913436
    },
    "enhanced": {
      "mean": 17.102976480401413,
      "std": 3.3372195876895687
    }
  },
  "total_time": {
    "baseline": {
      "mean": 2.7588805450010114,
      "std": 0.4133179019714891
    },
    "enhanced": {
      "mean": 17.201489065001077,
      "std": 3.3384341355602873
    }
  },
  "mem_mb": {
    "baseline": {
      "mean": 480.115625,
      "std": 8.147863564399106
    },
    "enhanced": {
      "mean": 803.42265625,
      "std": 43.470952047027914
    }
  }
}