{
  "run_index": 4,
  "best_val_f1": 0.7297834753990173,
  "test_acc": 0.8672000169754028,
  "test_f1": 0.8396664261817932,
  "test_prec": 0.8506225347518921,
  "test_rec": 0.830960750579834,
  "train_time": 14.693709824998223,
  "test_time": 0.09475837500212947,
  "total_time": 14.788468200000352,
  "mem_mb": 832.23046875
}