{
  "run_index": 3,
  "best_val_f1": 0.6427315473556519,
  "test_acc": 0.8560000061988831,
  "test_f1": 0.8175218105316162,
  "test_prec": 0.8724475502967834,
  "test_rec": 0.7933259010314941,
  "train_time": 2.032778649998363,
  "test_time": 0.023755844005791005,
  "total_time": 2.056534494004154,
  "mem_mb": 475.61328125
}