{
  "run_index": 5,
  "best_val_f1": 0.7272727489471436,
  "test_acc": 0.8712000250816345,
  "test_f1": 0.8430992960929871,
  "test_prec": 0.8647283911705017,
  "test_rec": 0.82858806848526,
  "train_time": 2.5730227199965157,
  "test_time": 0.025610967000829987,
  "total_time": 2.5986336869973456,
  "mem_mb": 483.30859375
}