{
  "run_index": 1,
  "best_val_f1": 0.548095703125,
  "test_acc": 0.576117217540741,
  "test_f1": 0.49208498001098633,
  "test_prec": 0.583125114440918,
  "test_rec": 0.7675831317901611,
  "train_time": 21.90064486299525,
  "test_time": 0.28548988500551786,
  "total_time": 22.186134748000768,
  "mem_mb": 1210.4375
}