{
  "run_index": 5,
  "best_val_f1": 0.538947582244873,
  "test_acc": 0.6026421785354614,
  "test_f1": 0.5091804265975952,
  "test_prec": 0.5831606388092041,
  "test_rec": 0.7598731517791748,
  "train_time": 25.532569896997302,
  "test_time": 0.17349759499484207,
  "total_time": 25.706067491992144,
  "mem_mb": 1043.55078125
}