{
  "val_f1": [
    0.5124503135681152,
    0.025144855323244997
  ],
  "test_acc": [
    0.9121227264404297,
    0.028921980608653988
  ],
  "test_f1": [
    0.4964904189109802,
    0.018305000050680847
  ],
  "test_prec": [
    0.4948689341545105,
    0.01801342026935827
  ],
  "test_rec": [
    0.502262270450592,
    0.018011446448618792
  ],
  "train_time": [
    21.73173840079835,
    5.569979793081049
  ],
  "test_time": [
    0.5494910158027778,
    0.004601413139061001
  ],
  "total_time": [
    22.28122941660113,
    5.571713955674552
  ],
  "mem_mb": [
    799.1640625,
    104.53835101768199
  ],
  "num_runs": 5,
  "label": "Baseline Dir-GCN"
}