{
  "run_index": 1,
  "best_val_f1": 0.7795982360839844,
  "test_acc": 0.8623999953269958,
  "test_f1": 0.8354336619377136,
  "test_prec": 0.8794944286346436,
  "test_rec": 0.8153030276298523,
  "train_time": 16.78118234899739,
  "test_time": 0.11068726400117157,
  "total_time": 16.891869612998562,
  "mem_mb": 713.1953125
}