{
  "run_index": 4,
  "best_val_f1": 0.5246333479881287,
  "test_acc": 0.7597513198852539,
  "test_f1": 0.48618870973587036,
  "test_prec": 0.51055908203125,
  "test_rec": 0.5361343026161194,
  "train_time": 25.939969020997523,
  "test_time": 0.5383468120053294,
  "total_time": 26.478315833002853,
  "mem_mb": 871.97265625
}