{
  "run_index": 1,
  "best_val_f1": 0.8176549077033997,
  "test_acc": 0.8992279767990112,
  "test_f1": 0.6515757441520691,
  "test_prec": 0.620827317237854,
  "test_rec": 0.7269067764282227,
  "train_time": 166.78677042500203,
  "test_time": 1.1808350179999252,
  "total_time": 167.96760544300196,
  "mem_mb": 1177.7265625
}