{
  "val_f1": {
    "baseline": {
      "mean": 0.670696210861206,
      "std": 0.07367752846627375
    },
    "enhanced": {
      "mean": 0.7315807819366456,
      "std": 0.017199857139592763
    }
  },
  "test_acc": {
    "baseline": {
      "mean": 0.8191999912261962,
      "std": 0.08813227040217946
    },
    "enhanced": {
      "mean": 0.848639988899231,
      "std": 0.03894085610231114
    }
  },
  "test_f1": {
    "baseline": {
      "mean": 0.7742701649665833,
      "std": 0.12041462502471663
    },
    "enhanced": {
      "mean": 0.8238537073135376,
      "std": 0.033792789811037505
    }
  },
  "test_prec": {
    "baseline": {
      "mean": 0.7994847774505616,
      "std": 0.12544901805460038
    },
    "enhanced": {
      "mean": 0.8373608231544495,
      "std": 0.04359191061892747
    }
  },
  "test_rec": {
    "baseline": {
      "mean": 0.7631226897239685,
      "std": 0.11312720995219062
    },
    "enhanced": {
      "mean": 0.8167612195014954,
      "std": 0.02309360307491533
    }
  },
  "train_time": {
    "baseline": {
      "mean": 1.4102473754013771,
      "std": 0.5534560936619254
    },
    "enhanced": {
      "mean": 7.01229127060069,
      "std": 1.6692336479061503
    }
  },
  "total_time": {
    "baseline": {
      "mean": 1.4350946428006863,
      "std": 0.5535561104718544
    },
    "enhanced": {
      "mean": 7.0693015318000105,
      "std": 1.6694986777909038
    }
  },
  "mem_mb": {
    "baseline": {
      "mean": 469.703125,
      "std": 10.129536683764682
    },
    "enhanced": {
      "mean": 656.34765625,
      "std": 6.059186332641692
    }
  }
}