{
  "run_index": 3,
  "best_val_f1": 0.7485713958740234,
  "test_acc": 0.8615999817848206,
  "test_f1": 0.8308447003364563,
  "test_prec": 0.8613219857215881,
  "test_rec": 0.8132392764091492,
  "train_time": 16.19049986200116,
  "test_time": 0.09262916800071253,
  "total_time": 16.283129030001874,
  "mem_mb": 821.7421875
}