{
  "run_index": 3,
  "best_val_f1": 0.5113343000411987,
  "test_acc": 0.788428783416748,
  "test_f1": 0.48112499713897705,
  "test_prec": 0.5002710819244385,
  "test_rec": 0.500796377658844,
  "train_time": 17.364090221002698,
  "test_time": 0.5454484310030239,
  "total_time": 17.909538652005722,
  "mem_mb": 798.6171875
}