{
  "val_f1": [
    0.7264406204223632,
    0.03516273243769617
  ],
  "test_acc": [
    0.887536346912384,
    0.036927011305316414
  ],
  "test_f1": [
    0.609450387954712,
    0.03150820600115106
  ],
  "test_prec": [
    0.6326844096183777,
    0.0717614774336991
  ],
  "test_rec": [
    0.6827026963233948,
    0.0713199845102084
  ],
  "train_time": [
    276.0770030700005,
    92.57996805298956
  ],
  "test_time": [
    1.1669601164016057,
    0.2542059418730243
  ],
  "total_time": [
    277.2439631864021,
    92.54515674921393
  ],
  "mem_mb": [
    1976.10625,
    0.6659871007454837
  ],
  "num_runs": 5,
  "label": "Enhanced Dir-GCN (Gated)"
}