{
  "run_index": 2,
  "best_val_f1": 0.7601125240325928,
  "test_acc": 0.8776000142097473,
  "test_f1": 0.8541744947433472,
  "test_prec": 0.8654073476791382,
  "test_rec": 0.8452959060668945,
  "train_time": 17.64271271400503,
  "test_time": 0.09970018799504032,
  "total_time": 17.74241290200007,
  "mem_mb": 823.7578125
}