{
  "run_index": 4,
  "best_val_f1": 0.5388824939727783,
  "test_acc": 0.5726081132888794,
  "test_f1": 0.4874672591686249,
  "test_prec": 0.5807795524597168,
  "test_rec": 0.7661935091018677,
  "train_time": 15.243608399003278,
  "test_time": 0.15257296999334358,
  "total_time": 15.396181368996622,
  "mem_mb": 1043.33984375
}