{
  "val_f1": [
    0.7904884219169617,
    0.01790545966100498
  ],
  "test_acc": [
    0.9042614936828614,
    0.023813522852396803
  ],
  "test_f1": [
    0.6639838218688965,
    0.035419477824626594
  ],
  "test_prec": [
    0.6386229157447815,
    0.041894350210981784
  ],
  "test_rec": [
    0.7302841424942017,
    0.007274973657200109
  ],
  "train_time": [
    142.87438097660052,
    38.315210734553496
  ],
  "test_time": [
    0.7370734382013324,
    0.013099223358437979
  ],
  "total_time": [
    143.61145441480184,
    38.313174158411606
  ],
  "mem_mb": [
    1917.15703125,
    0.533322016278041
  ],
  "num_runs": 5,
  "label": "Enhanced Dir-GCN (Gated)"
}