{
  "val_f1": {
    "baseline": {
      "mean": 0.5328822076320648,
      "std": 0.04182748299603934
    },
    "enhanced": {
      "mean": 0.7904884219169617,
      "std": 0.01790545966100498
    }
  },
  "test_acc": {
    "baseline": {
      "mean": 0.8643136262893677,
      "std": 0.06640227969535077
    },
    "enhanced": {
      "mean": 0.9042614936828614,
      "std": 0.023813522852396803
    }
  },
  "test_f1": {
    "baseline": {
      "mean": 0.5018424153327942,
      "std": 0.01889143517756345
    },
    "enhanced": {
      "mean": 0.6639838218688965,
      "std": 0.035419477824626594
    }
  },
  "test_prec": {
    "baseline": {
      "mean": 0.5197295069694519,
      "std": 0.026307648681574838
    },
    "enhanced": {
      "mean": 0.6386229157447815,
      "std": 0.041894350210981784
    }
  },
  "test_rec": {
    "baseline": {
      "mean": 0.5327313780784607,
      "std": 0.04563784547563768
    },
    "enhanced": {
      "mean": 0.7302841424942017,
      "std": 0.007274973657200109
    }
  },
  "train_time": {
    "baseline": {
      "mean": 13.689052592199005,
      "std": 3.036383197243798
    },
    "enhanced": {
      "mean": 142.87438097660052,
      "std": 38.315210734553496
    }
  },
  "total_time": {
    "baseline": {
      "mean": 14.010873581597115,
      "std": 3.031655622747169
    },
    "enhanced": {
      "mean": 143.61145441480184,
      "std": 38.313174158411606
    }
  },
  "mem_mb": {
    "baseline": {
      "mean": 1683.1265625,
      "std": 297.56967336711665
    },
    "enhanced": {
      "mean": 1917.15703125,
      "std": 0.533322016278041
    }
  }
}