{
  "run_index": 3,
  "best_val_f1": 0.5415701866149902,
  "test_acc": 0.5751367807388306,
  "test_f1": 0.49129360914230347,
  "test_prec": 0.5828359127044678,
  "test_rec": 0.7667838335037231,
  "train_time": 6.364297074003844,
  "test_time": 0.08306042599724606,
  "total_time": 6.44735750000109,
  "mem_mb": 887.39453125
}