{
  "run_index": 1,
  "best_val_f1": 0.5558524131774902,
  "test_acc": 0.6552000045776367,
  "test_f1": 0.39584341645240784,
  "test_prec": 0.32760000228881836,
  "test_rec": 0.5,
  "train_time": 0.9819446909968974,
  "test_time": 0.022476029000245035,
  "total_time": 1.0044207199971424,
  "mem_mb": 460.2578125
}