{
  "run_index": 2,
  "best_val_f1": 0.7661884427070618,
  "test_acc": 0.8744000196456909,
  "test_f1": 0.8510408401489258,
  "test_prec": 0.8600554466247559,
  "test_rec": 0.8436509966850281,
  "train_time": 1.2781114589961362,
  "test_time": 0.027671044997987337,
  "total_time": 1.3057825039941235,
  "mem_mb": 479.953125
}