{
  "run_index": 4,
  "best_val_f1": 0.5466063618659973,
  "test_acc": 0.5728661417961121,
  "test_f1": 0.4876474440097809,
  "test_prec": 0.580820620059967,
  "test_rec": 0.7663342356681824,
  "train_time": 34.00247346999822,
  "test_time": 0.2794659630017122,
  "total_time": 34.281939432999934,
  "mem_mb": 1697.13671875
}