{
  "run_index": 2,
  "best_val_f1": 0.5458763241767883,
  "test_acc": 0.5942821502685547,
  "test_f1": 0.5004603862762451,
  "test_prec": 0.5807247757911682,
  "test_rec": 0.7649269104003906,
  "train_time": 23.876036307003233,
  "test_time": 0.2820083109982079,
  "total_time": 24.15804461800144,
  "mem_mb": 1412.24609375
}