{
  "run_index": 5,
  "best_val_f1": 0.47538334131240845,
  "test_acc": 0.9463551640510559,
  "test_f1": 0.4862191677093506,
  "test_prec": 0.47370004653930664,
  "test_rec": 0.4994179308414459,
  "train_time": 10.742300378005893,
  "test_time": 0.6354346689986414,
  "total_time": 11.377735047004535,
  "mem_mb": 1959.88671875
}