{
  "val_f1": {
    "baseline": {
      "mean": 0.763637387752533,
      "std": 0.0029623960077078365
    },
    "enhanced": {
      "mean": 0.77264883518219,
      "std": 0.005575684090691478
    }
  },
  "test_acc": {
    "baseline": {
      "mean": 0.862720000743866,
      "std": 0.00707627273858427
    },
    "enhanced": {
      "mean": 0.8751999855041503,
      "std": 0.009479234936905884
    }
  },
  "test_f1": {
    "baseline": {
      "mean": 0.837378466129303,
      "std": 0.008609610721812091
    },
    "enhanced": {
      "mean": 0.8468133687973023,
      "std": 0.009161843749610394
    }
  },
  "test_prec": {
    "baseline": {
      "mean": 0.8504213213920593,
      "std": 0.011387035625527
    },
    "enhanced": {
      "mean": 0.88124680519104,
      "std": 0.009939263025823838
    }
  },
  "test_rec": {
    "baseline": {
      "mean": 0.8284217715263367,
      "std": 0.009694035253066684
    },
    "enhanced": {
      "mean": 0.8275479316711426,
      "std": 0.00891122222688059
    }
  },
  "train_time": {
    "baseline": {
      "mean": 1.9380415158011601,
      "std": 0.3949109260929573
    },
    "enhanced": {
      "mean": 11.762337062999723,
      "std": 3.1140679013417105
    }
  },
  "total_time": {
    "baseline": {
      "mean": 1.9661269920004998,
      "std": 0.395557023359042
    },
    "enhanced": {
      "mean": 11.860546990999136,
      "std": 3.1213488670540523
    }
  },
  "mem_mb": {
    "baseline": {
      "mean": 490.65859375,
      "std": 16.86032304447523
    },
    "enhanced": {
      "mean": 824.15078125,
      "std": 55.66160080082981
    }
  }
}