{
  "val_f1": [
    0.5468152761459351,
    0.00279531968467749
  ],
  "test_acc": [
    0.7210031986236572,
    0.15888630780073956
  ],
  "test_f1": [
    0.49090940356254575,
    0.012726308605606518
  ],
  "test_prec": [
    0.5315927803516388,
    0.06043590774740203
  ],
  "test_rec": [
    0.6568893432617188,
    0.1281279357227121
  ],
  "train_time": [
    10.228959215202485,
    2.9120354946136406
  ],
  "test_time": [
    0.15107847299659624,
    0.004556492447238473
  ],
  "total_time": [
    10.380037688199081,
    2.909094020002645
  ],
  "mem_mb": [
    1186.20390625,
    9.354864574697887
  ],
  "num_runs": 5,
  "label": "Baseline Dir-GCN"
}