{
  "val_f1": {
    "baseline": {
      "mean": 0.5435960412025451,
      "std": 0.0031835074903308943
    },
    "enhanced": {
      "mean": 0.5410552978515625,
      "std": 0.0032579672465775007
    }
  },
  "test_acc": {
    "baseline": {
      "mean": 0.5906285524368287,
      "std": 0.014396980620355984
    },
    "enhanced": {
      "mean": 0.6484982967376709,
      "std": 0.13451474709190123
    }
  },
  "test_f1": {
    "baseline": {
      "mean": 0.4992071270942688,
      "std": 0.009188408417396989
    },
    "enhanced": {
      "mean": 0.49175991415977477,
      "std": 0.00869898104916794
    }
  },
  "test_prec": {
    "baseline": {
      "mean": 0.5810397267341614,
      "std": 0.0021372153315477064
    },
    "enhanced": {
      "mean": 0.558010321855545,
      "std": 0.04977411255132067
    }
  },
  "test_rec": {
    "baseline": {
      "mean": 0.7612960934638977,
      "std": 0.00539980901520837
    },
    "enhanced": {
      "mean": 0.71314857006073,
      "std": 0.1065968843985651
    }
  },
  "train_time": {
    "baseline": {
      "mean": 9.879251895999186,
      "std": 5.354530840894624
    },
    "enhanced": {
      "mean": 13.251239575599902,
      "std": 5.348645081685634
    }
  },
  "total_time": {
    "baseline": {
      "mean": 9.961747332397499,
      "std": 5.354371855394058
    },
    "enhanced": {
      "mean": 13.403258588799508,
      "std": 5.348937601858169
    }
  },
  "mem_mb": {
    "baseline": {
      "mean": 873.03515625,
      "std": 39.75445270670652
    },
    "enhanced": {
      "mean": 1126.84921875,
      "std": 92.86733598798804
    }
  }
}