{
  "run_index": 3,
  "best_val_f1": 0.5378191471099854,
  "test_acc": 0.6009908318519592,
  "test_f1": 0.5056508779525757,
  "test_prec": 0.581292986869812,
  "test_rec": 0.7613033652305603,
  "train_time": 7.8651946669997415,
  "test_time": 0.08224203900317661,
  "total_time": 7.947436706002918,
  "mem_mb": 864.03125
}