{
  "run_index": 1,
  "best_val_f1": 0.5398901104927063,
  "test_acc": 0.5979461073875427,
  "test_f1": 0.5021859407424927,
  "test_prec": 0.5786654949188232,
  "test_rec": 0.7527430057525635,
  "train_time": 17.776272938004695,
  "test_time": 0.080767552004545,
  "total_time": 17.85704049000924,
  "mem_mb": 826.84375
}