{
  "run_index": 5,
  "best_val_f1": 0.5465549230575562,
  "test_acc": 0.6026937961578369,
  "test_f1": 0.509216845035553,
  "test_prec": 0.583170473575592,
  "test_rec": 0.7599014639854431,
  "train_time": 13.122543664998375,
  "test_time": 0.14807533100247383,
  "total_time": 13.270618996000849,
  "mem_mb": 1191.6640625
}