{
  "run_index": 5,
  "best_val_f1": 0.5401996970176697,
  "test_acc": 0.5992000102996826,
  "test_f1": 0.39602169394493103,
  "test_prec": 0.3750143051147461,
  "test_rec": 0.4447932541370392,
  "train_time": 1.3374865540026804,
  "test_time": 0.05222795100416988,
  "total_time": 1.3897145050068502,
  "mem_mb": 694.75
}