{
  "val_f1": {
    "baseline": {
      "mean": 0.5403034567832947,
      "std": 0.00506895447897796
    },
    "enhanced": {
      "mean": 0.5365822315216064,
      "std": 0.004879495012633756
    }
  },
  "test_acc": {
    "baseline": {
      "mean": 0.6579626441001892,
      "std": 0.12906510426761614
    },
    "enhanced": {
      "mean": 0.5751470685005188,
      "std": 0.0023040102830088295
    }
  },
  "test_f1": {
    "baseline": {
      "mean": 0.4963300466537476,
      "std": 0.011815527218452743
    },
    "enhanced": {
      "mean": 0.4910912156105042,
      "std": 0.0031847137534830442
    }
  },
  "test_prec": {
    "baseline": {
      "mean": 0.5562953174114227,
      "std": 0.04937709636820375
    },
    "enhanced": {
      "mean": 0.582696795463562,
      "std": 0.001712396632237881
    }
  },
  "test_rec": {
    "baseline": {
      "mean": 0.7090443730354309,
      "std": 0.10455658158936759
    },
    "enhanced": {
      "mean": 0.7670154094696044,
      "std": 0.0008343516497565539
    }
  },
  "train_time": {
    "baseline": {
      "mean": 17.82724165059917,
      "std": 6.004512911168848
    },
    "enhanced": {
      "mean": 56.55963534819894,
      "std": 24.922434725538956
    }
  },
  "total_time": {
    "baseline": {
      "mean": 17.985226828197483,
      "std": 6.0100271174112025
    },
    "enhanced": {
      "mean": 56.8538158839976,
      "std": 24.919199768630307
    }
  },
  "mem_mb": {
    "baseline": {
      "mean": 1080.325,
      "std": 64.68828952001584
    },
    "enhanced": {
      "mean": 1620.4671875,
      "std": 268.0563488903404
    }
  }
}