{
  "val_f1": {
    "baseline": {
      "mean": 0.519299978017807,
      "std": 0.03749590328260312
    },
    "enhanced": {
      "mean": 0.7264406204223632,
      "std": 0.03516273243769617
    }
  },
  "test_acc": {
    "baseline": {
      "mean": 0.8494134187698364,
      "std": 0.08711101534184208
    },
    "enhanced": {
      "mean": 0.887536346912384,
      "std": 0.036927011305316414
    }
  },
  "test_f1": {
    "baseline": {
      "mean": 0.494139701128006,
      "std": 0.009424921475377204
    },
    "enhanced": {
      "mean": 0.609450387954712,
      "std": 0.03150820600115106
    }
  },
  "test_prec": {
    "baseline": {
      "mean": 0.4995088815689087,
      "std": 0.022628901738120655
    },
    "enhanced": {
      "mean": 0.6326844096183777,
      "std": 0.0717614774336991
    }
  },
  "test_rec": {
    "baseline": {
      "mean": 0.5346019685268402,
      "std": 0.044490203541849974
    },
    "enhanced": {
      "mean": 0.6827026963233948,
      "std": 0.0713199845102084
    }
  },
  "train_time": {
    "baseline": {
      "mean": 35.8810874162009,
      "std": 25.625215128955222
    },
    "enhanced": {
      "mean": 276.0770030700005,
      "std": 92.57996805298956
    }
  },
  "total_time": {
    "baseline": {
      "mean": 36.52274142119859,
      "std": 25.63805487175368
    },
    "enhanced": {
      "mean": 277.2439631864021,
      "std": 92.54515674921393
    }
  },
  "mem_mb": {
    "baseline": {
      "mean": 1616.39375,
      "std": 306.2626011577645
    },
    "enhanced": {
      "mean": 1976.10625,
      "std": 0.6659871007454837
    }
  }
}