{
  "val_f1": [
    0.7858599781990051,
    0.013085621581665279
  ],
  "test_acc": [
    0.9213075280189514,
    0.018346450381447294
  ],
  "test_f1": [
    0.68280428647995,
    0.03083351508727793
  ],
  "test_prec": [
    0.664369261264801,
    0.04683373245386662
  ],
  "test_rec": [
    0.7219751715660095,
    0.005767241964643186
  ],
  "train_time": [
    255.81973937360164,
    44.09691620519708
  ],
  "test_time": [
    1.1867259887992987,
    0.006337120031846842
  ],
  "total_time": [
    257.00646536240095,
    44.099661706112315
  ],
  "mem_mb": [
    1119.28828125,
    0.5148870192363807
  ],
  "num_runs": 5,
  "label": "Enhanced Dir-GCN (Gated)"
}