{
  "val_f1": [
    0.7402019143104553,
    0.012175772034649123
  ],
  "test_acc": [
    0.8475199937820435,
    0.051629700406124954
  ],
  "test_f1": [
    0.8236234784126282,
    0.04673854153070009
  ],
  "test_prec": [
    0.8378212213516235,
    0.055284772531830124
  ],
  "test_rec": [
    0.8169507861137391,
    0.0358906035611399
  ],
  "train_time": [
    17.102976480401413,
    3.3372195876895687
  ],
  "test_time": [
    0.0985125845996663,
    0.004166189695982295
  ],
  "total_time": [
    17.201489065001077,
    3.3384341355602873
  ],
  "mem_mb": [
    803.42265625,
    43.470952047027914
  ],
  "num_runs": 5,
  "label": "Enhanced Dir-GCN (Gated)"
}