{
  "run_index": 3,
  "best_val_f1": 0.5404515266418457,
  "test_acc": 0.5976880788803101,
  "test_f1": 0.504271388053894,
  "test_prec": 0.5821206569671631,
  "test_rec": 0.7641931772232056,
  "train_time": 13.274546268992708,
  "test_time": 0.15284396699280478,
  "total_time": 13.427390235985513,
  "mem_mb": 1161.07421875
}