{
  "run_index": 4,
  "best_val_f1": 0.6851494312286377,
  "test_acc": 0.8704000115394592,
  "test_f1": 0.8403924107551575,
  "test_prec": 0.8613611459732056,
  "test_rec": 0.8260229229927063,
  "train_time": 2.0767741090021445,
  "test_time": 0.024857387994416058,
  "total_time": 2.1016314969965606,
  "mem_mb": 478.9140625
}