{
  "run_index": 2,
  "best_val_f1": 0.527344286441803,
  "test_acc": 0.7555399537086487,
  "test_f1": 0.48709145188331604,
  "test_prec": 0.5122929811477661,
  "test_rec": 0.542924702167511,
  "train_time": 43.19397930800187,
  "test_time": 0.6516203829960432,
  "total_time": 43.845599690997915,
  "mem_mb": 1511.76171875
}