{
  "run_index": 4,
  "best_val_f1": 0.752300500869751,
  "test_acc": 0.8664000034332275,
  "test_f1": 0.8398442268371582,
  "test_prec": 0.8476493954658508,
  "test_rec": 0.8332822322845459,
  "train_time": 2.523138322001614,
  "test_time": 0.031096272003196646,
  "total_time": 2.554234594004811,
  "mem_mb": 484.52734375
}