{
  "run_index": 5,
  "best_val_f1": 0.7409035563468933,
  "test_acc": 0.8623999953269958,
  "test_f1": 0.8359400629997253,
  "test_prec": 0.8463287949562073,
  "test_rec": 0.8277199268341064,
  "train_time": 2.598738991000573,
  "test_time": 0.03259762800007593,
  "total_time": 2.631336619000649,
  "mem_mb": 484.65234375
}