{
  "run_index": 3,
  "best_val_f1": 0.7649408578872681,
  "test_acc": 0.8575999736785889,
  "test_f1": 0.8280758857727051,
  "test_prec": 0.850964367389679,
  "test_rec": 0.8135844469070435,
  "train_time": 1.9425730850052787,
  "test_time": 0.028422413000953384,
  "total_time": 1.970995498006232,
  "mem_mb": 480.26953125
}