{
  "run_index": 1,
  "best_val_f1": 0.781875729560852,
  "test_acc": 0.9422440528869629,
  "test_f1": 0.7219477891921997,
  "test_prec": 0.71323162317276,
  "test_rec": 0.7315819263458252,
  "train_time": 107.36606142800156,
  "test_time": 0.7403136840002844,
  "total_time": 108.10637511200184,
  "mem_mb": 1916.4140625
}