{
  "run_index": 4,
  "best_val_f1": 0.5285655856132507,
  "test_acc": 0.8488920331001282,
  "test_f1": 0.5024238228797913,
  "test_prec": 0.5063949227333069,
  "test_rec": 0.5128762722015381,
  "train_time": 26.63767115600058,
  "test_time": 0.6206895649957005,
  "total_time": 27.25836072099628,
  "mem_mb": 1959.8828125
}