{
  "run_index": 5,
  "best_val_f1": 0.48633548617362976,
  "test_acc": 0.9234933853149414,
  "test_f1": 0.4878420829772949,
  "test_prec": 0.4853115677833557,
  "test_rec": 0.49276086688041687,
  "train_time": 19.32699748199957,
  "test_time": 0.5373558630017214,
  "total_time": 19.86435334500129,
  "mem_mb": 945.51953125
}