{
  "val_f1": [
    0.5365822315216064,
    0.004879495012633756
  ],
  "test_acc": [
    0.5751470685005188,
    0.0023040102830088295
  ],
  "test_f1": [
    0.4910912156105042,
    0.0031847137534830442
  ],
  "test_prec": [
    0.582696795463562,
    0.001712396632237881
  ],
  "test_rec": [
    0.7670154094696044,
    0.0008343516497565539
  ],
  "train_time": [
    56.55963534819894,
    24.922434725538956
  ],
  "test_time": [
    0.29418053579865955,
    0.014767153032355883
  ],
  "total_time": [
    56.8538158839976,
    24.919199768630307
  ],
  "mem_mb": [
    1620.4671875,
    268.0563488903404
  ],
  "num_runs": 5,
  "label": "Enhanced Dir-GCN (Gated)"
}