{
  "run_index": 5,
  "best_val_f1": 0.5404660701751709,
  "test_acc": 0.6026937961578369,
  "test_f1": 0.509216845035553,
  "test_prec": 0.583170473575592,
  "test_rec": 0.7599014639854431,
  "train_time": 15.827372565006954,
  "test_time": 0.08249069101293571,
  "total_time": 15.90986325601989,
  "mem_mb": 876.1015625
}