{
  "run_index": 5,
  "best_val_f1": 0.49296659231185913,
  "test_acc": 0.9151709675788879,
  "test_f1": 0.4859766662120819,
  "test_prec": 0.4835929274559021,
  "test_rec": 0.4892701208591461,
  "train_time": 12.512391791002301,
  "test_time": 0.3143422019929858,
  "total_time": 12.826733992995287,
  "mem_mb": 1872.6875
}