{
  "run_index": 2,
  "best_val_f1": 0.7704757452011108,
  "test_acc": 0.8823999762535095,
  "test_f1": 0.85300213098526,
  "test_prec": 0.8928253650665283,
  "test_rec": 0.8308868408203125,
  "train_time": 12.986337906004337,
  "test_time": 0.10093162699922686,
  "total_time": 13.087269533003564,
  "mem_mb": 856.4296875
}