{
  "run_index": 5,
  "best_val_f1": 0.5446181297302246,
  "test_acc": 0.5790071487426758,
  "test_f1": 0.496457576751709,
  "test_prec": 0.5853284597396851,
  "test_rec": 0.7671927809715271,
  "train_time": 20.223184956004843,
  "test_time": 0.14669554099964444,
  "total_time": 20.369880497004488,
  "mem_mb": 1173.61328125
}