{
  "val_f1": [
    0.8245820522308349,
    0.014846938516944594
  ],
  "test_acc": [
    0.9157124400138855,
    0.015347955112677513
  ],
  "test_f1": [
    0.6811023592948914,
    0.027506360836851807
  ],
  "test_prec": [
    0.6522170186042786,
    0.03035289818647742
  ],
  "test_rec": [
    0.7386704444885254,
    0.010683284558980884
  ],
  "train_time": [
    277.0582183516002,
    121.3073344117643
  ],
  "test_time": [
    1.197925450000912,
    0.012105538390849732
  ],
  "total_time": [
    278.2561438016011,
    121.31641867106781
  ],
  "mem_mb": [
    1178.45546875,
    0.5415454591952553
  ],
  "num_runs": 5,
  "label": "Enhanced Dir-GCN (Gated)"
}