{
  "run_index": 1,
  "best_val_f1": 0.6660344004631042,
  "test_acc": 0.9488619565963745,
  "test_f1": 0.5603989362716675,
  "test_prec": 0.773052453994751,
  "test_rec": 0.5403972268104553,
  "train_time": 131.9950225290013,
  "test_time": 1.3055977679978241,
  "total_time": 133.3006202969991,
  "mem_mb": 1975.2421875
}