{
  "val_f1": [
    0.5435960412025451,
    0.0031835074903308943
  ],
  "test_acc": [
    0.5906285524368287,
    0.014396980620355984
  ],
  "test_f1": [
    0.4992071270942688,
    0.009188408417396989
  ],
  "test_prec": [
    0.5810397267341614,
    0.0021372153315477064
  ],
  "test_rec": [
    0.7612960934638977,
    0.00539980901520837
  ],
  "train_time": [
    9.879251895999186,
    5.354530840894624
  ],
  "test_time": [
    0.08249543639831244,
    0.002995735002517936
  ],
  "total_time": [
    9.961747332397499,
    5.354371855394058
  ],
  "mem_mb": [
    873.03515625,
    39.75445270670652
  ],
  "num_runs": 5,
  "label": "Baseline Dir-GCN"
}