{
  "run_index": 1,
  "best_val_f1": 0.7134299278259277,
  "test_acc": 0.8583999872207642,
  "test_f1": 0.8289048075675964,
  "test_prec": 0.8806140422821045,
  "test_rec": 0.8073042035102844,
  "train_time": 1.9923900930007221,
  "test_time": 0.02435101700393716,
  "total_time": 2.0167411100046593,
  "mem_mb": 455.671875
}