{
  "run_index": 4,
  "best_val_f1": 0.5381011962890625,
  "test_acc": 0.5744143128395081,
  "test_f1": 0.4884166717529297,
  "test_prec": 0.5805478692054749,
  "test_rec": 0.7654740214347839,
  "train_time": 4.575851792003959,
  "test_time": 0.08271373600291554,
  "total_time": 4.658565528006875,
  "mem_mb": 864.19140625
}