{
  "val_f1": [
    0.5328822076320648,
    0.04182748299603934
  ],
  "test_acc": [
    0.8643136262893677,
    0.06640227969535077
  ],
  "test_f1": [
    0.5018424153327942,
    0.01889143517756345
  ],
  "test_prec": [
    0.5197295069694519,
    0.026307648681574838
  ],
  "test_rec": [
    0.5327313780784607,
    0.04563784547563768
  ],
  "train_time": [
    13.689052592199005,
    3.036383197243798
  ],
  "test_time": [
    0.3218209893981111,
    0.011980391183137066
  ],
  "total_time": [
    14.010873581597115,
    3.031655622747169
  ],
  "mem_mb": [
    1683.1265625,
    297.56967336711665
  ],
  "num_runs": 5,
  "label": "Baseline Dir-GCN"
}