{
  "run_index": 1,
  "best_val_f1": 0.7557946443557739,
  "test_acc": 0.8704000115394592,
  "test_f1": 0.8473201394081116,
  "test_prec": 0.8810686469078064,
  "test_rec": 0.829651951789856,
  "train_time": 3.2195710919986595,
  "test_time": 0.033410880001611076,
  "total_time": 3.2529819720002706,
  "mem_mb": 471.62890625
}