{
  "val_f1": [
    0.5373723149299622,
    0.0035414262765974267
  ],
  "test_acc": [
    0.5948395133018494,
    0.010366718109042715
  ],
  "test_f1": [
    0.5013695001602173,
    0.007047743115650804
  ],
  "test_prec": [
    0.5804754495620728,
    0.00169489943890866
  ],
  "test_rec": [
    0.7594818353652955,
    0.004172427412959299
  ],
  "train_time": [
    11.320624625403434,
    4.898960456459888
  ],
  "test_time": [
    0.08266057320288382,
    0.0013918983311512034
  ],
  "total_time": [
    11.403285198606318,
    4.898399300280521
  ],
  "mem_mb": [
    851.82421875,
    20.42156357356269
  ],
  "num_runs": 5,
  "label": "Baseline Dir-GCN"
}