{
  "run_index": 3,
  "best_val_f1": 0.6729356050491333,
  "test_acc": 0.8208000063896179,
  "test_f1": 0.7987210154533386,
  "test_prec": 0.7934419512748718,
  "test_rec": 0.8055744171142578,
  "train_time": 5.575926700003038,
  "test_time": 0.05130893300520256,
  "total_time": 5.62723563300824,
  "mem_mb": 693.76953125
}