{
  "run_index": 1,
  "best_val_f1": 0.7372122406959534,
  "test_acc": 0.774399995803833,
  "test_f1": 0.7611892223358154,
  "test_prec": 0.7561247944831848,
  "test_rec": 0.776177167892456,
  "train_time": 10.082308841003396,
  "test_time": 0.05743649599753553,
  "total_time": 10.139745337000932,
  "mem_mb": 652.74609375
}