{
  "run_index": 5,
  "best_val_f1": 0.7143319845199585,
  "test_acc": 0.8575999736785889,
  "test_f1": 0.8314950466156006,
  "test_prec": 0.8384824991226196,
  "test_rec": 0.8256089091300964,
  "train_time": 1.3578101270031766,
  "test_time": 0.026311367000744212,
  "total_time": 1.3841214940039208,
  "mem_mb": 478.484375
}