{
  "run_index": 2,
  "best_val_f1": 0.49235695600509644,
  "test_acc": 0.9365286231040955,
  "test_f1": 0.4867483973503113,
  "test_prec": 0.48237892985343933,
  "test_rec": 0.49603471159935,
  "train_time": 19.51472596399981,
  "test_time": 0.5514750479997019,
  "total_time": 20.06620101199951,
  "mem_mb": 726.35546875
}