{
  "run_index": 3,
  "best_val_f1": 0.5805435180664062,
  "test_acc": 0.7488217949867249,
  "test_f1": 0.508453905582428,
  "test_prec": 0.5314273834228516,
  "test_rec": 0.617790937423706,
  "train_time": 82.1724729339985,
  "test_time": 0.6653570540001965,
  "total_time": 82.8378299879987,
  "mem_mb": 1487.234375
}