{
  "run_index": 5,
  "best_val_f1": 0.5451224446296692,
  "test_acc": 0.5833419561386108,
  "test_f1": 0.4989698827266693,
  "test_prec": 0.5851317644119263,
  "test_rec": 0.7666341662406921,
  "train_time": 17.32270187800168,
  "test_time": 0.2790292620047694,
  "total_time": 17.60173114000645,
  "mem_mb": 1697.07421875
}