{
  "run_index": 1,
  "best_val_f1": 0.5471467971801758,
  "test_acc": 0.9151615500450134,
  "test_f1": 0.4778508245944977,
  "test_prec": 0.4575807750225067,
  "test_rec": 0.5,
  "train_time": 8.353876779001439,
  "test_time": 0.15453569999954198,
  "total_time": 8.508412479000981,
  "mem_mb": 1064.390625
}