{
  "val_f1": {
    "baseline": {
      "mean": 0.5373723149299622,
      "std": 0.0035414262765974267
    },
    "enhanced": {
      "mean": 0.5270153880119324,
      "std": 0.015532643273378279
    }
  },
  "test_acc": {
    "baseline": {
      "mean": 0.5948395133018494,
      "std": 0.010366718109042715
    },
    "enhanced": {
      "mean": 0.7864898204803467,
      "std": 0.15784321146516617
    }
  },
  "test_f1": {
    "baseline": {
      "mean": 0.5013695001602173,
      "std": 0.007047743115650804
    },
    "enhanced": {
      "mean": 0.48752439618110655,
      "std": 0.013407354609116164
    }
  },
  "test_prec": {
    "baseline": {
      "mean": 0.5804754495620728,
      "std": 0.00169489943890866
    },
    "enhanced": {
      "mean": 0.557642662525177,
      "std": 0.0942059805883587
    }
  },
  "test_rec": {
    "baseline": {
      "mean": 0.7594818353652955,
      "std": 0.004172427412959299
    },
    "enhanced": {
      "mean": 0.6075710773468017,
      "std": 0.13163715959668557
    }
  },
  "train_time": {
    "baseline": {
      "mean": 11.320624625403434,
      "std": 4.898960456459888
    },
    "enhanced": {
      "mean": 26.441583801200615,
      "std": 12.132338107122289
    }
  },
  "total_time": {
    "baseline": {
      "mean": 11.403285198606318,
      "std": 4.898399300280521
    },
    "enhanced": {
      "mean": 26.596671601597336,
      "std": 12.133039289997278
    }
  },
  "mem_mb": {
    "baseline": {
      "mean": 851.82421875,
      "std": 20.42156357356269
    },
    "enhanced": {
      "mean": 1062.690625,
      "std": 52.9692500552539
    }
  }
}