{
  "run_index": 1,
  "best_val_f1": 0.7959195375442505,
  "test_acc": 0.9112604260444641,
  "test_f1": 0.6655818819999695,
  "test_prec": 0.6358343958854675,
  "test_rec": 0.7242438197135925,
  "train_time": 254.31999164100125,
  "test_time": 1.1876018819966703,
  "total_time": 255.50759352299792,
  "mem_mb": 1118.57421875
}