{
  "run_index": 3,
  "best_val_f1": 0.53606116771698,
  "test_acc": 0.5751883387565613,
  "test_f1": 0.4913298785686493,
  "test_prec": 0.5828443169593811,
  "test_rec": 0.7668120861053467,
  "train_time": 35.27765165599703,
  "test_time": 0.15441706001001876,
  "total_time": 35.43206871600705,
  "mem_mb": 1079.1953125
}