{
  "val_f1": {
    "baseline": {
      "mean": 0.5124503135681152,
      "std": 0.025144855323244997
    },
    "enhanced": {
      "mean": 0.7858599781990051,
      "std": 0.013085621581665279
    }
  },
  "test_acc": {
    "baseline": {
      "mean": 0.9121227264404297,
      "std": 0.028921980608653988
    },
    "enhanced": {
      "mean": 0.9213075280189514,
      "std": 0.018346450381447294
    }
  },
  "test_f1": {
    "baseline": {
      "mean": 0.4964904189109802,
      "std": 0.018305000050680847
    },
    "enhanced": {
      "mean": 0.68280428647995,
      "std": 0.03083351508727793
    }
  },
  "test_prec": {
    "baseline": {
      "mean": 0.4948689341545105,
      "std": 0.01801342026935827
    },
    "enhanced": {
      "mean": 0.664369261264801,
      "std": 0.04683373245386662
    }
  },
  "test_rec": {
    "baseline": {
      "mean": 0.502262270450592,
      "std": 0.018011446448618792
    },
    "enhanced": {
      "mean": 0.7219751715660095,
      "std": 0.005767241964643186
    }
  },
  "train_time": {
    "baseline": {
      "mean": 21.73173840079835,
      "std": 5.569979793081049
    },
    "enhanced": {
      "mean": 255.81973937360164,
      "std": 44.09691620519708
    }
  },
  "total_time": {
    "baseline": {
      "mean": 22.28122941660113,
      "std": 5.571713955674552
    },
    "enhanced": {
      "mean": 257.00646536240095,
      "std": 44.099661706112315
    }
  },
  "mem_mb": {
    "baseline": {
      "mean": 799.1640625,
      "std": 104.53835101768199
    },
    "enhanced": {
      "mean": 1119.28828125,
      "std": 0.5148870192363807
    }
  }
}