{
  "run_index": 2,
  "best_val_f1": 0.5251004695892334,
  "test_acc": 0.6431999802589417,
  "test_f1": 0.5335758328437805,
  "test_prec": 0.5500640273094177,
  "test_rec": 0.5372727513313293,
  "train_time": 0.689280141996278,
  "test_time": 0.024157624997314997,
  "total_time": 0.713437766993593,
  "mem_mb": 459.16796875
}