{
  "val_f1": [
    0.5482086300849914,
    0.0036995591938709625
  ],
  "test_acc": [
    0.647063672542572,
    0.13102998842341307
  ],
  "test_f1": [
    0.49389861822128295,
    0.004977412605526335
  ],
  "test_prec": [
    0.5721453189849853,
    0.020674826915921686
  ],
  "test_rec": [
    0.7138211011886597,
    0.105100469055771
  ],
  "train_time": [
    24.57429948459903,
    5.487093477590744
  ],
  "test_time": [
    0.2802525636012433,
    0.003389965814820537
  ],
  "total_time": [
    24.854552048200276,
    5.486375311444004
  ],
  "mem_mb": [
    1542.6109375,
    199.32318980525227
  ],
  "num_runs": 5,
  "label": "Enhanced Dir-GCN (Gated)"
}