{
  "run_index": 1,
  "best_val_f1": 0.4788654148578644,
  "test_acc": 0.9470570683479309,
  "test_f1": 0.4882897436618805,
  "test_prec": 0.5570967197418213,
  "test_rec": 0.5006896257400513,
  "train_time": 9.627279833999637,
  "test_time": 0.3419799690018408,
  "total_time": 9.969259803001478,
  "mem_mb": 1162.76171875
}