{
  "run_index": 2,
  "best_val_f1": 0.8148311376571655,
  "test_acc": 0.8974230885505676,
  "test_f1": 0.6498327255249023,
  "test_prec": 0.6190632581710815,
  "test_rec": 0.7277568578720093,
  "train_time": 179.78968775000249,
  "test_time": 1.1864925830013817,
  "total_time": 180.97618033300387,
  "mem_mb": 1178.00390625
}