{
  "run_index": 5,
  "best_val_f1": 0.7801194190979004,
  "test_acc": 0.9500651359558105,
  "test_f1": 0.7343316078186035,
  "test_prec": 0.7493494749069214,
  "test_rec": 0.721288800239563,
  "train_time": 225.43018474000564,
  "test_time": 1.1756145170002128,
  "total_time": 226.60579925700586,
  "mem_mb": 1120.0
}