{
  "val_f1": [
    0.519299978017807,
    0.03749590328260312
  ],
  "test_acc": [
    0.8494134187698364,
    0.08711101534184208
  ],
  "test_f1": [
    0.494139701128006,
    0.009424921475377204
  ],
  "test_prec": [
    0.4995088815689087,
    0.022628901738120655
  ],
  "test_rec": [
    0.5346019685268402,
    0.044490203541849974
  ],
  "train_time": [
    35.8810874162009,
    25.625215128955222
  ],
  "test_time": [
    0.6416540049976902,
    0.015371498145456327
  ],
  "total_time": [
    36.52274142119859,
    25.63805487175368
  ],
  "mem_mb": [
    1616.39375,
    306.2626011577645
  ],
  "num_runs": 5,
  "label": "Baseline Dir-GCN"
}