{
  "run_index": 3,
  "best_val_f1": 0.7409999370574951,
  "test_acc": 0.8632000088691711,
  "test_f1": 0.8344382643699646,
  "test_prec": 0.8591443300247192,
  "test_rec": 0.8190228343009949,
  "train_time": 3.169334528000036,
  "test_time": 0.027611978999630082,
  "total_time": 3.196946506999666,
  "mem_mb": 490.3671875
}