{
  "val_f1": [
    0.6194232344627381,
    0.07763122075264199
  ],
  "test_acc": [
    0.7659200072288513,
    0.11647802167098058
  ],
  "test_f1": [
    0.6587091445922851,
    0.21267883348506697
  ],
  "test_prec": [
    0.7005082964897156,
    0.19656495207224028
  ],
  "test_rec": [
    0.6831028640270234,
    0.1728149587707411
  ],
  "train_time": [
    5.099345041200285,
    2.2078446184051392
  ],
  "test_time": [
    0.05771869280288229,
    0.0077345997394365346
  ],
  "total_time": [
    5.157063734003168,
    2.211593464208847
  ],
  "mem_mb": [
    665.83671875,
    36.869959053614835
  ],
  "num_runs": 5,
  "label": "Enhanced Dir-GCN (Gated)"
}