{
  "run_index": 4,
  "best_val_f1": 0.708327054977417,
  "test_acc": 0.8855999708175659,
  "test_f1": 0.8589910864830017,
  "test_prec": 0.8815163373947144,
  "test_rec": 0.8435154557228088,
  "train_time": 2.175501632002124,
  "test_time": 0.026747436000732705,
  "total_time": 2.202249068002857,
  "mem_mb": 476.48046875
}