{
  "run_index": 2,
  "best_val_f1": 0.5390356779098511,
  "test_acc": 0.9169676899909973,
  "test_f1": 0.47834280133247375,
  "test_prec": 0.4585075080394745,
  "test_rec": 0.499971866607666,
  "train_time": 3.741649803996552,
  "test_time": 0.1486259850062197,
  "total_time": 3.8902757890027715,
  "mem_mb": 1172.79296875
}