{
  "val_f1": [
    0.5410552978515625,
    0.0032579672465775007
  ],
  "test_acc": [
    0.6484982967376709,
    0.13451474709190123
  ],
  "test_f1": [
    0.49175991415977477,
    0.00869898104916794
  ],
  "test_prec": [
    0.558010321855545,
    0.04977411255132067
  ],
  "test_rec": [
    0.71314857006073,
    0.1065968843985651
  ],
  "train_time": [
    13.251239575599902,
    5.348645081685634
  ],
  "test_time": [
    0.15201901319960598,
    0.004007808196899196
  ],
  "total_time": [
    13.403258588799508,
    5.348937601858169
  ],
  "mem_mb": [
    1126.84921875,
    92.86733598798804
  ],
  "num_runs": 5,
  "label": "Enhanced Dir-GCN (Gated)"
}