{
  "run_index": 1,
  "best_val_f1": 0.7294403314590454,
  "test_acc": 0.7455999851226807,
  "test_f1": 0.7325616478919983,
  "test_prec": 0.7291828393936157,
  "test_rec": 0.7492527961730957,
  "train_time": 23.23143167300441,
  "test_time": 0.10204291699483292,
  "total_time": 23.33347458999924,
  "mem_mb": 716.8046875
}