{
  "run_index": 3,
  "best_val_f1": 0.782679557800293,
  "test_acc": 0.8863932490348816,
  "test_f1": 0.6366855502128601,
  "test_prec": 0.6075488328933716,
  "test_rec": 0.7255412340164185,
  "train_time": 207.52292347500043,
  "test_time": 0.7209328680037288,
  "total_time": 208.24385634300415,
  "mem_mb": 1917.2890625
}