{
  "run_index": 1,
  "best_val_f1": 0.5368456840515137,
  "test_acc": 0.5757043957710266,
  "test_f1": 0.4919477701187134,
  "test_prec": 0.583316445350647,
  "test_rec": 0.7681853771209717,
  "train_time": 46.25514524299069,
  "test_time": 0.30059782600437757,
  "total_time": 46.55574306899507,
  "mem_mb": 1084.68359375
}