{
  "run_index": 4,
  "best_val_f1": 0.540320873260498,
  "test_acc": 0.5725048780441284,
  "test_f1": 0.48739519715309143,
  "test_prec": 0.5807631015777588,
  "test_rec": 0.7661372423171997,
  "train_time": 30.996035504998872,
  "test_time": 0.31103269300365355,
  "total_time": 31.307068198002526,
  "mem_mb": 1748.75
}