{
  "run_index": 2,
  "best_val_f1": 0.4705936908721924,
  "test_acc": 0.3880000114440918,
  "test_f1": 0.33231112360954285,
  "test_prec": 0.3430039882659912,
  "test_rec": 0.32567155361175537,
  "train_time": 0.8699889330018777,
  "test_time": 0.029663625995453913,
  "total_time": 0.8996525589973317,
  "mem_mb": 460.9296875
}