{
  "val_f1": [
    0.620955491065979,
    0.09618568275923645
  ],
  "test_acc": [
    0.7312000036239624,
    0.1910898380383109
  ],
  "test_f1": [
    0.6495533466339112,
    0.23432838625800823
  ],
  "test_prec": [
    0.6578592538833619,
    0.26346554973093433
  ],
  "test_rec": [
    0.6582201957702637,
    0.20843959641080534
  ],
  "train_time": [
    1.7266473251991556,
    0.678230565513983
  ],
  "test_time": [
    0.02565078040061053,
    0.0024890559967453386
  ],
  "total_time": [
    1.7522981055997662,
    0.6778826708174759
  ],
  "mem_mb": [
    471.31796875,
    9.155540914842737
  ],
  "num_runs": 5,
  "label": "Baseline Dir-GCN"
}