{
  "run_index": 4,
  "best_val_f1": 0.7401593327522278,
  "test_acc": 0.8751999735832214,
  "test_f1": 0.847846508026123,
  "test_prec": 0.8638441562652588,
  "test_rec": 0.836009681224823,
  "train_time": 5.976850423998258,
  "test_time": 0.057868046998919453,
  "total_time": 6.034718470997177,
  "mem_mb": 653.56640625
}