{
  "run_index": 3,
  "best_val_f1": 0.5519389510154724,
  "test_acc": 0.9152131080627441,
  "test_f1": 0.4778648912906647,
  "test_prec": 0.45760655403137207,
  "test_rec": 0.5,
  "train_time": 12.489780522999354,
  "test_time": 0.15196723099506926,
  "total_time": 12.641747753994423,
  "mem_mb": 1167.54296875
}