{
  "run_index": 3,
  "best_val_f1": 0.5092126727104187,
  "test_acc": 0.8631304502487183,
  "test_f1": 0.4875202476978302,
  "test_prec": 0.4922288656234741,
  "test_rec": 0.4870428442955017,
  "train_time": 15.799566875997698,
  "test_time": 0.5448351060040295,
  "total_time": 16.344401982001727,
  "mem_mb": 799.5234375
}