{
  "run_index": 4,
  "best_val_f1": 0.5820945501327515,
  "test_acc": 0.8325479030609131,
  "test_f1": 0.5380226969718933,
  "test_prec": 0.5363451242446899,
  "test_rec": 0.5925767421722412,
  "train_time": 16.485033493998344,
  "test_time": 0.32915081399551127,
  "total_time": 16.814184307993855,
  "mem_mb": 1934.61328125
}