{
  "run_index": 3,
  "best_val_f1": 0.7759841084480286,
  "test_acc": 0.8655999898910522,
  "test_f1": 0.8369469046592712,
  "test_prec": 0.8632848858833313,
  "test_rec": 0.8207895755767822,
  "train_time": 7.524916647998907,
  "test_time": 0.0882620330012287,
  "total_time": 7.613178681000136,
  "mem_mb": 846.66796875
}