{
  "run_index": 3,
  "best_val_f1": 0.5553423166275024,
  "test_acc": 0.9087108969688416,
  "test_f1": 0.49033039808273315,
  "test_prec": 0.5309243202209473,
  "test_rec": 0.5036270618438721,
  "train_time": 25.769640904996777,
  "test_time": 0.27526939699600916,
  "total_time": 26.044910301992786,
  "mem_mb": 1696.16015625
}