{
  "run_index": 4,
  "best_val_f1": 0.5283980965614319,
  "test_acc": 0.9173288941383362,
  "test_f1": 0.47906333208084106,
  "test_prec": 0.7086859941482544,
  "test_rec": 0.50028395652771,
  "train_time": 21.02367059199605,
  "test_time": 0.15421593199425843,
  "total_time": 21.17788652399031,
  "mem_mb": 1079.625
}