{
  "run_index": 4,
  "best_val_f1": 0.5051161646842957,
  "test_acc": 0.9388348460197449,
  "test_f1": 0.48748037219047546,
  "test_prec": 0.4847021698951721,
  "test_rec": 0.4972517788410187,
  "train_time": 16.669824890996097,
  "test_time": 0.5499598720052745,
  "total_time": 17.21978476300137,
  "mem_mb": 873.14453125
}