{
  "run_index": 2,
  "best_val_f1": 0.5382738709449768,
  "test_acc": 0.5724017024040222,
  "test_f1": 0.4876328408718109,
  "test_prec": 0.5810009241104126,
  "test_rec": 0.7660057544708252,
  "train_time": 37.21069285699923,
  "test_time": 0.28928593499585986,
  "total_time": 37.49997879199509,
  "mem_mb": 1748.10546875
}