{
  "run_index": 1,
  "best_val_f1": 0.4846631586551666,
  "test_acc": 0.9474581480026245,
  "test_f1": 0.48651015758514404,
  "test_prec": 0.47372907400131226,
  "test_rec": 0.5,
  "train_time": 16.659013304997643,
  "test_time": 0.6351683539978694,
  "total_time": 17.294181658995512,
  "mem_mb": 1163.203125
}