{
  "val_f1": [
    0.77264883518219,
    0.005575684090691478
  ],
  "test_acc": [
    0.8751999855041503,
    0.009479234936905884
  ],
  "test_f1": [
    0.8468133687973023,
    0.009161843749610394
  ],
  "test_prec": [
    0.88124680519104,
    0.009939263025823838
  ],
  "test_rec": [
    0.8275479316711426,
    0.00891122222688059
  ],
  "train_time": [
    11.762337062999723,
    3.1140679013417105
  ],
  "test_time": [
    0.0982099279994145,
    0.007427509234262052
  ],
  "total_time": [
    11.860546990999136,
    3.1213488670540523
  ],
  "mem_mb": [
    824.15078125,
    55.66160080082981
  ],
  "num_runs": 5,
  "label": "Enhanced Dir-GCN (Gated)"
}