{
  "run_index": 3,
  "best_val_f1": 0.5754266977310181,
  "test_acc": 0.7567431330680847,
  "test_f1": 0.5013906955718994,
  "test_prec": 0.5235142111778259,
  "test_rec": 0.5841174125671387,
  "train_time": 17.861150769000233,
  "test_time": 0.31265426200116053,
  "total_time": 18.173805031001393,
  "mem_mb": 1909.37890625
}