{
  "run_index": 1,
  "best_val_f1": 0.553126335144043,
  "test_acc": 0.8827835321426392,
  "test_f1": 0.5294570922851562,
  "test_prec": 0.5260204672813416,
  "test_rec": 0.5388733148574829,
  "train_time": 17.3933393910047,
  "test_time": 0.540058732003672,
  "total_time": 17.933398123008374,
  "mem_mb": 651.46875
}