{
  "run_index": 5,
  "best_val_f1": 0.8536090850830078,
  "test_acc": 0.9378321170806885,
  "test_f1": 0.7220926880836487,
  "test_prec": 0.7008045315742493,
  "test_rec": 0.7499831318855286,
  "train_time": 428.6798805119979,
  "test_time": 1.2124969639990013,
  "total_time": 429.8923774759969,
  "mem_mb": 1179.15625
}