{
  "run_index": 4,
  "best_val_f1": 0.8139200806617737,
  "test_acc": 0.9209866523742676,
  "test_f1": 0.685664713382721,
  "test_prec": 0.656074047088623,
  "test_rec": 0.7365868091583252,
  "train_time": 422.0725561479994,
  "test_time": 1.2045326880033826,
  "total_time": 423.2770888360028,
  "mem_mb": 1178.9453125
}