{
  "run_index": 5,
  "best_val_f1": 0.7579907178878784,
  "test_acc": 0.853600025177002,
  "test_f1": 0.8284021615982056,
  "test_prec": 0.8316055536270142,
  "test_rec": 0.8254660964012146,
  "train_time": 1.7917187179991743,
  "test_time": 0.026390647995867766,
  "total_time": 1.818109365995042,
  "mem_mb": 510.984375
}