{
  "run_index": 4,
  "best_val_f1": 0.5403017997741699,
  "test_acc": 0.5724017024040222,
  "test_f1": 0.4874781370162964,
  "test_prec": 0.5810073018074036,
  "test_rec": 0.7669329643249512,
  "train_time": 4.810451409997768,
  "test_time": 0.08340557898918632,
  "total_time": 4.893856988986954,
  "mem_mb": 923.09765625
}