{
  "run_index": 1,
  "best_val_f1": 0.5119866132736206,
  "test_acc": 0.6552000045776367,
  "test_f1": 0.4024054706096649,
  "test_prec": 0.5779743194580078,
  "test_rec": 0.5016487836837769,
  "train_time": 4.1431427049974445,
  "test_time": 0.05947440800082404,
  "total_time": 4.202617112998269,
  "mem_mb": 618.171875
}