{
  "run_index": 5,
  "best_val_f1": 0.7888538837432861,
  "test_acc": 0.8970219492912292,
  "test_f1": 0.6476520895957947,
  "test_prec": 0.617457389831543,
  "test_rec": 0.7239400148391724,
  "train_time": 105.78080651700293,
  "test_time": 0.729025743996317,
  "total_time": 106.50983226099925,
  "mem_mb": 1917.91015625
}