{
  "run_index": 2,
  "best_val_f1": 0.7729116678237915,
  "test_acc": 0.9015340805053711,
  "test_f1": 0.6528394222259521,
  "test_prec": 0.6225214004516602,
  "test_rec": 0.723617434501648,
  "train_time": 420.6144355400029,
  "test_time": 1.238935361005133,
  "total_time": 421.853370901008,
  "mem_mb": 1975.55078125
}