{
  "run_index": 5,
  "best_val_f1": 0.7366988658905029,
  "test_acc": 0.8815802931785583,
  "test_f1": 0.6256663799285889,
  "test_prec": 0.5991562008857727,
  "test_rec": 0.7112846970558167,
  "train_time": 283.35898403199826,
  "test_time": 0.6641923510032939,
  "total_time": 284.02317638300156,
  "mem_mb": 1977.0390625
}