{
  "run_index": 2,
  "best_val_f1": 0.7648624777793884,
  "test_acc": 0.9182793498039246,
  "test_f1": 0.6691769957542419,
  "test_prec": 0.6436724662780762,
  "test_rec": 0.7117248177528381,
  "train_time": 196.5583582449981,
  "test_time": 1.1906699859973742,
  "total_time": 197.74902823099546,
  "mem_mb": 1118.84765625
}