{
  "run_index": 2,
  "best_val_f1": 0.49672114849090576,
  "test_acc": 0.6122406721115112,
  "test_f1": 0.5122456550598145,
  "test_prec": 0.5828374028205872,
  "test_rec": 0.7707593441009521,
  "train_time": 31.49901424800919,
  "test_time": 0.15217384799325373,
  "total_time": 31.651188096002443,
  "mem_mb": 1078.7734375
}