{
  "val_f1": [
    0.670696210861206,
    0.07367752846627375
  ],
  "test_acc": [
    0.8191999912261962,
    0.08813227040217946
  ],
  "test_f1": [
    0.7742701649665833,
    0.12041462502471663
  ],
  "test_prec": [
    0.7994847774505616,
    0.12544901805460038
  ],
  "test_rec": [
    0.7631226897239685,
    0.11312720995219062
  ],
  "train_time": [
    1.4102473754013771,
    0.5534560936619254
  ],
  "test_time": [
    0.024847267399309203,
    0.0007679445104977433
  ],
  "total_time": [
    1.4350946428006863,
    0.5535561104718544
  ],
  "mem_mb": [
    469.703125,
    10.129536683764682
  ],
  "num_runs": 5,
  "label": "Baseline Dir-GCN"
}