{
  "val_f1": [
    0.5254660189151764,
    0.025280343813661375
  ],
  "test_acc": [
    0.8325077652931213,
    0.06105590925775857
  ],
  "test_f1": [
    0.5010399103164673,
    0.019904555234913638
  ],
  "test_prec": [
    0.509849202632904,
    0.01582960191128472
  ],
  "test_rec": [
    0.5292855203151703,
    0.030477071417258344
  ],
  "train_time": [
    19.503220857201086,
    3.3026184935281244
  ],
  "test_time": [
    0.5400612174023991,
    0.0028358902967406886
  ],
  "total_time": [
    20.043282074603486,
    3.3014000834487174
  ],
  "mem_mb": [
    798.5125,
    103.95741660195647
  ],
  "num_runs": 5,
  "label": "Baseline Dir-GCN"
}