{
  "run_index": 2,
  "best_val_f1": 0.5323746800422668,
  "test_acc": 0.5984621644020081,
  "test_f1": 0.5015925765037537,
  "test_prec": 0.5787565112113953,
  "test_rec": 0.7581561803817749,
  "train_time": 22.742645441001514,
  "test_time": 0.15716927000903524,
  "total_time": 22.89981471101055,
  "mem_mb": 1041.7265625
}